Fecha,Ticker,Empresa,Sector,Icono,Modo,Precio_Alerta,Score_Entrada,RVOL_Entrada,RSI_Entrada,ROC20_Entrada,ATR_Entrada,EMA50_Entrada,EMA200_Entrada,Razones_Entrada,Soporte_Entrada,Resistencia_Entrada,Analisis_IA_Entrada,Stop_Loss,Take_Profit,Ratio_RR,Riesgo_Euros,Acciones,Nominal,Precio_Actual,Score_Actual,RVOL_Actual,RSI_Actual,ROC20_Actual,ATR_Actual,EMA50_Actual,EMA200_Actual,Razones_Actuales,Soporte_Actual,Resistencia_Actual,Distancia_SL_Pct,Distancia_TP_Pct,P&L_Actual_Pct,Estado_Estrategia,Ultima_Actualizacion,Fecha_Mercado_Actual,Analisis_IA_Actual,Estado,Fecha_Salida,Resultado_R,MAE_R,MFE_R
2026-09-20 23:25,DIA.MC,DIA,Distribución Alimentaria,🛒,18,42.95,83.0,1.24,71.69,10.84,0.94,40.24,37.99,Precio > EMA50; EMA50 > EMA200; RSI 55-75; ROC20 > 5%; RVOL >= 1.2x; Ruptura máximo 20 sesiones,37.75,44.0,"La acción DIA ha sido incluida en la lista debido a su tendencia al alza, ya que el precio actual (42.95€) está por encima del EMA50 (40.24€) y el EMA200 (37.99€), lo que sugiere una tendencia a largo plazo hacia el alza. Además, el RSI (71.69) se encuentra en el rango indicado (55-75), lo que indica una señal de compra. El RVOL (1.24x) también está por encima del umbral de 1,2x, lo que sugiere una moderada volatilidad. La ruptura de máximo durante 20 sesiones también es un indicador positivo.   La tesis cuantitativa es que la acción DIA sigue una tendencia a largo plazo hacia el alza, lo que la convierte en una oportunidad atractiva para especular.",37.37,56.89,2.5,496.4,89.0,3822.55,43.25,65.0,0.86,71.59,11.6,0.9,40.47,38.06,Precio > EMA50; EMA50 > EMA200; RSI 55-75; ROC20 > 5%; Cierre cerca de máximos,37.75,44.0,13.6,31.54,0.7,TESIS_DEBILITADA,2026-09-21 21:34,2026-09-21,"La estrategia se encuentra debilitada a pesar de una ligera subida en el precio, ya que el score ha caído notablemente y el volumen se ha contraído por debajo de la media, perdiendo el impulso institucional que justificó la entrada inicial. Aunque la estructura de medias móviles y el momentum se mantienen intactos respetando los niveles de riesgo, la pérdida de fuerza en la participación sugiere fatiga en el movimiento alcista actual.",ACTIVA,,,,
2026-09-20 23:25,COFA.PA,Coface,Seguros de Crédito,🛡️,18,17.49,80.0,4.26,77.83,10.56,0.31,15.92,15.15,Precio > EMA50; EMA50 > EMA200; ROC20 > 5%; RVOL >= 1.5x; Cierre cerca de máximos; Ruptura máximo 20 sesiones,15.78,16.39,"La acción de Coface (COFA.PA) ha sido incluida en la lista debido a su perfil de tendencia y momentum favorables. La tesis cuantitativa es que el precio de la acción está en una tendencia de subida, respaldado por el cierre cerca de máximos y la ruptura del máximo en las últimas 20 sesiones. Además, el ratio de R:R es de 2.5, lo que indica una relación de beneficios a riesgos favorable. Este perfil sugiere que la acción tiene potencial para seguir subiendo, lo que la convierte en una oportunidad interesante para invertidores cautelosos.",15.62,22.16,2.5,498.7,267.0,4669.83,17.15999984741211,75.0,2.89,66.24,6.3,0.34,15.97,15.18,Precio > EMA50; EMA50 > EMA200; RSI 55-75; ROC20 > 5%; RVOL >= 1.5x,15.78,17.62,8.97,29.14,-1.89,TESIS_DEBILITADA,2026-09-21 21:34,2026-09-21,"La tesis original se encuentra debilitada, ya que a pesar de mantener intacta la estructura alcista por encima de las medias móviles y respetar holgadamente el stop loss, el notable descenso en el momentum y en el volumen de negociación refleja una pérdida de fuerza compradora tras la entrada.",ACTIVA,,,,
2026-09-20 23:26,A3M.MC,Atresmedia,Medios de Comunicación,📺,18,5.33,80.0,3.9,67.19,2.5,0.08,5.12,4.98,Precio > EMA50; EMA50 > EMA200; RSI 55-75; RVOL >= 1.5x; Ruptura máximo 20 sesiones,5.02,5.31,"La acción de Atresmedia (A3M.MC) ha sido incluida en la lista debido a su comportamiento en el mercado, que sugiere una tendencia potencial hacia el arriba. La tesis cuantitativa se basa en la combinación de indicadores técnicos y fundamentales.  El precio de la acción supera el EMA50 (5,12€) y el EMA200 (4,98€), lo que indica una tendencia a largo plazo hacia el arriba. Además, el RSI (67,19) está dentro del rango de 55-75, lo que sugiere que la acción está en un período de expansión. Por otro lado, el RVOL (3,9x) está por encima de 1,5x, lo que indica una volatilidad moderada y una potencialidad de crecimiento. La ruptura de máximos de 20 sesiones también agrega confianza en la tendencia a largo plazo.  En resumen, la acción de Atresmedia parece estar en una etapa de expansión y crecimiento, lo que la convierte en una oportunidad interesante para invertir.",4.97,6.23,2.5,499.96,1388.0,7398.04,5.360000133514404,50.0,0.62,61.48,2.1,0.09,5.14,4.99,Precio > EMA50; EMA50 > EMA200; RSI 55-75,5.02,5.5,7.28,16.23,0.56,TESIS_DEBILITADA,2026-09-21 21:34,2026-09-21,"La tesis original se encuentra debilitada a pesar de que el precio registra una ligera plusvalía hasta los 5.35€, ya que el score ha sufrido un desplome de treinta puntos y el volumen institucional se ha contraído drásticamente con un RVOL de 0.62x. Aunque la estructura de medias móviles y el soporte en 5.02€ mantienen intacta la tendencia alcista de fondo, la pérdida de impulso compradora aleja a la estrategia del dinamismo inicial que justificó la entrada.",ACTIVA,,,,
2026-09-20 23:26,AAPL,Apple Inc.,Tecnología / Hardware,🍏,18,336.13,75.0,1.99,64.3,7.98,7.3,317.6,292.07,Precio > EMA50; EMA50 > EMA200; RSI 55-75; ROC20 > 5%; RVOL >= 1.5x,309.4,344.27,"La acción de Apple Inc. (AAPL) ha sido incluida en nuestra cartera debido a su tendencia a superar el precio del EMA50 y la baja volatilidad, lo que sugiere una tendencia a subir. Además, el RSI se encuentra en un rango de 55-75, lo que indica una condición ""neutral"" de mercado, y la relación de retroalimentación ROC20 > 5% indica un aumento en la velocidad de crecimiento de la acción.",306.31,410.69,2.5,477.18,16.0,5378.08,339.2300109863281,80.0,0.52,66.54,9.66,7.25,318.45,293.4,Precio > EMA50; EMA50 > EMA200; RSI 55-75; ROC20 > 5%; Cierre cerca de máximos; Ruptura máximo 20 sesiones,309.9,344.27,9.7,21.07,0.92,TESIS_ESTABLE,2026-09-21 21:34,2026-09-21,"La tesis original de Apple se mantiene estable y ligeramente reforzada, ya que el precio ha avanzado un 0,92% rompiendo máximos de 20 sesiones con una mejora en el score y en el momentum (ROC20). Aunque el volumen operativo (RVOL) se ha contraído notablemente desde la entrada, la sólida alineación de las medias móviles y la salud del RSI mantienen intacta la estructura alcista sin señales de alerta cerca de los niveles de control.",ACTIVA,,,,
2026-09-20 23:27,FAST.AS,Fastned,Recarga de Vehículos Eléctricos,⚡,18,41.4,75.0,1.61,63.7,12.35,1.81,36.13,29.75,Precio > EMA50; EMA50 > EMA200; RSI 55-75; ROC20 > 5%; RVOL >= 1.5x,36.0,43.6,"La acción de Fastned ha sido incluida en la lista debido a su comportamiento de tendencia, que indica una tendencia a subir, ya que el precio actual se encuentra por encima de la EMA50 y esta, a su vez, se encuentra por encima de la EMA200. Además, el RSI actual se encuentra en el rango de 55-75, que es un indicador de que la acción está en una zona de comprade. Por último, el ROC20, que indica el cambio porcentual diario del precio con respecto al precio del día anterior, también está por encima de 5%, lo cual sugiere un movimiento positivo.  La tesis cuantitativa básica para esta acción es que, dado el comportamiento de tendencia de la acción y la posición de las líneas de apoyo y resistencia, es probable que el precio continúe subiendo, lo que podría llevar a un aumento del precio en el rango de 55.8€.",35.64,55.8,2.5,495.36,86.0,3560.4,43.0,73.0,1.33,65.25,21.38,1.8,36.65,30.04,Precio > EMA50; EMA50 > EMA200; RSI 55-75; ROC20 > 5%; RVOL >= 1.2x; Cierre cerca de máximos,37.05,43.6,17.12,29.77,3.86,TESIS_REFORZADA,2026-09-21 21:34,2026-09-21,"La tesis original se encuentra **reforzada**, ya que el precio avanza con un fuerte incremento en el momentum (ROC20 en 21.38%) y una estructura de medias móviles firmemente alcista que se aleja con seguridad del soporte y del nivel de stop loss. Aunque el volumen relativo se ha moderado ligeramente, la aceleración del precio hacia la resistencia clave sin signos de sobrecompra extrema en el RSI mantiene intactas las probabilidades de alcanzar el objetivo planteado.",ACTIVA,,,,
2026-09-20 23:27,QQQ,Invesco QQQ Trust,ETF / Tecnología EE.UU.,📈,18,721.45,70.0,1.54,55.87,1.48,9.29,711.09,673.73,Precio > EMA50; EMA50 > EMA200; RSI 55-75; RVOL >= 1.5x; Cierre cerca de máximos,700.0,737.62,"La acción de Invesco QQQ Trust (QQQ) ha sido incluida en la lista debido a la combinación de indicadores que sugieren un potencial de crecimiento. La tesis cuantitativa se basa en la hipótesis de que, dado que el precio actual (721.45€) está por encima de la EMA50 (711.09€) y esta última está por encima de la EMA200 (673.73€), el mercado está en una tendencia de alza que puede continuar. Además, el RSI (55.87) se encuentra en un rango de valores aceptables (55-75), lo que indica que la fuerza de la tendencia es moderada. La relación R:R (2.5) sugiere una gran cantidad de potencial de crecimiento, lo que podría impulsar el precio hacia el objetivo de Take Profit (792.58€).",693.0,792.58,2.5,483.65,17.0,12264.65,742.469970703125,70.0,1.11,66.05,4.07,10.13,712.32,674.7,Precio > EMA50; EMA50 > EMA200; RSI 55-75; Cierre cerca de máximos; Ruptura máximo 20 sesiones,700.0,737.62,6.66,6.75,2.91,TESIS_REFORZADA,2026-09-21 21:34,2026-09-21,"La tesis original se mantiene estable con un sesgo positivo, ya que el precio avanza un 2.91% superando la resistencia previa y el momentum se acelera con un ROC20 del 4.07% y un RSI de 66.05. A pesar de que el volumen institucional ha disminuido con un RVOL de 1.11x, la estructura alcista permanece intacta al mantenerse holgadamente por encima de las medias móviles clave y a media distancia del Take Profit.",ACTIVA,,,,
2026-09-20 23:27,REP.MC,Repsol,Energía / Petróleo,🛢️,18,29.19,68.0,1.47,65.88,6.49,0.75,26.53,22.05,Precio > EMA50; EMA50 > EMA200; RSI 55-75; ROC20 > 5%; RVOL >= 1.2x,26.28,29.75,"La acción de Repsol (REP.MC) ha sido incluida en nuestra lista de oportunidades debido a su comportamiento favorável, indicado por la superación del precio actual por encima del EMA50, que a su vez está por encima del EMA200, lo que sugiere una tendencia a largo plazo hacia la alza. Además, el RSI está dentro del rango de 55-75, indicando una condición de agotamiento de la tendencia actual. El RVOL es superior a 1,2x, lo que sugiere una alta volatilidad, lo que puede llevar a un aumento en el precio.  Nuestra tesis cuantitativa es que el precio de Repsol continuará subiendo debido a la tendencia a largo plazo y la alta volatilidad, lo que puede llevar a un aumento significativo en el precio en el corto plazo.",26.02,37.12,2.5,498.13,157.0,4582.83,29.280000686645508,60.0,0.86,62.61,7.94,0.72,26.87,22.25,Precio > EMA50; EMA50 > EMA200; RSI 55-75; ROC20 > 5%,26.8,29.8,11.13,26.78,0.31,TESIS_ESTABLE,2026-09-21 21:34,2026-09-21,"La tesis se encuentra estable, ya que la estructura alcista y el momentum se mantienen intactos a pesar de una ligera contracción en el score y una notable caída en el volumen institucional (RVOL en 0.86x). Aunque el precio cotiza prácticamente plano respecto a la entrada (+0.17%) y lejos de los niveles de invalidación o gestión, la pérdida de participación compradora exige cautela ante una posible fase de consolidación.",ACTIVA,,,,
2026-09-20 23:28,GOOGL,Alphabet Inc. (Google),Tecnología / Servicios Internet,🔍,18,349.54,65.0,1.87,55.09,2.67,8.4,345.96,332.8,Precio > EMA50; EMA50 > EMA200; RSI 55-75; RVOL >= 1.5x,327.74,384.23,"La acción de Alphabet Inc. (Google) ha sido incluida en la lista debido a su tendencia ascendente, con el precio actual (349.54€) superando el EMA50 (345.96€), y que a su vez supera el EMA200 (332.8€). Además, el RSI (55.09) se encuentra dentro del rango de 55-75, lo que indica una posición de neutralidad en términos de tendencia. La relación RVOL/RSI también sugiere que el precio está volando a un ritmo relativamente estable.  La tesis cuantitativa es que, dado el patrón de tendencia y el rendimiento de volumen, hay una probabilidad significativa de que el precio continúe ascendiendo, lo que justifica la inclusión de esta acción en la lista de oportunidades.",324.46,412.23,2.5,476.47,19.0,6641.26,356.5899963378906,55.0,0.77,59.91,3.48,8.4,346.38,332.86,Precio > EMA50; EMA50 > EMA200; RSI 55-75; Cierre cerca de máximos,327.74,384.23,9.01,15.6,2.02,TESIS_DEBILITADA,2026-09-21 21:34,2026-09-21,"La estrategia se encuentra en un estado **debilitado** porque, a pesar de que el precio avanza con un P&L positivo del 2.02% y mantiene intacta la estructura de medias móviles, el volumen institucional ha colapsado drásticamente con un RVOL de 0.77x y el score general ha caído diez puntos. Esta divergencia entre el progreso del precio y la pérdida de participación operativa sugiere que el impulso alcista actual carece del fuelle inicial que justificó la entrada original.",ACTIVA,,,,
2026-09-20 23:28,LITE,Lumentum,Tecnología Óptica,📡,18,930.91,60.0,2.12,54.02,5.87,67.2,867.35,712.88,Precio > EMA50; EMA50 > EMA200; ROC20 > 5%; RVOL >= 1.5x,818.89,1026.76,"La acción de Lumentum (LITE) ha sido incluida en la estrategia debido a su tendencia en el sentido correcto, ya que el precio actual está por encima de su EMA50, lo que indica una tendencia ascendente. Además, el ROC20 supera el 5% y el RVOL es 2.12 veces, lo que sugiere una alta volatilidad y potencial para un aumento de precio. La tesis cuantitativa es que el precio de LITE seguirá aumentando y alcanzará el nivel de 1231.43€, lo que dará lugar a un ganancia del 33% con respecto al precio actual.",810.7,1231.43,2.5,480.84,4.0,3723.64,961.0599975585938,60.0,0.87,56.41,10.89,66.15,871.02,715.02,Precio > EMA50; EMA50 > EMA200; RSI 55-75; ROC20 > 5%,818.89,1026.76,15.65,28.13,3.24,TESIS_REFORZADA,2026-09-21 21:34,2026-09-21,"La tesis original se encuentra estable, ya que el precio registra un avance del 3.24% respetando la estructura alcista sobre las medias móviles y con un momentum reforzado por un ROC20 que duplica su registro previo. No obstante, se observa una divergencia importante en el volumen negociado, cuyo RVOL ha caído drásticamente a 0.87x, evidenciando una pérdida de fuelle institucional mientras la posición oscila cómodamente lejos de los niveles críticos de control.",ACTIVA,,,,
2026-09-20 23:29,PLMR,Palomar Holdings,Seguros,🛡️,18,136.0,60.0,2.07,53.87,5.53,4.16,132.05,125.51,Precio > EMA50; EMA50 > EMA200; ROC20 > 5%; RVOL >= 1.5x,128.1,147.11,"La acción de Palomar Holdings (PLMR) ha sido incluida en la lista debido a su comportamiento favornable, con el precio actual (136.0€) superando el EMA50 (132.05€) y este último mayor que el EMA200 (125.51€). Además, el valor relativo del volumen (RVOL) es superior a 1,5x, lo que indica una alta liquidez en el mercado. La tasa de cambio del valor relativo del volumen (ROC20) también es significativa, con un aumento del 5,53% en 10 días, lo que sugiere una tendencia de crecimiento.  La tesis cuantitativa se basa en la consolidación de estas indicadoras positivas, lo que podría indicar que el precio de la acción seguirá subiendo. Sin embargo, es importante tener en cuenta que el mercado es impredecible y que las condiciones pueden cambiar rápidamente.",126.82,158.95,2.5,495.77,54.0,7344.0,134.5449981689453,35.0,0.51,50.96,3.42,3.98,132.15,125.65,Precio > EMA50; EMA50 > EMA200,129.24,147.11,5.74,18.14,-1.07,TESIS_INVALIDADA,2026-09-21 21:34,2026-09-21,"La tesis original de Palomar Holdings se encuentra debilitada, ya que a pesar de mantenerse la estructura alcista por encima de las medias móviles, el score ha sufrido una caída drástica de 25 puntos y el volumen se ha contraído severamente hasta 0.51x RVOL. Aunque el precio apenas registra una ligera pérdida del 1.07% y respeta la distancia con el stop loss, el notable enfriamiento del momentum y la pérdida de interés institucional reflejada en la liquidez erosionan la fuerza del impulso inicial que justificó la entrada.",ACTIVA,,,,
2026-09-20 23:29,VPK.AS,Vopak,Logística / Almacenamiento Energético,🛢️,18,47.42,58.0,1.23,55.03,1.35,0.73,46.57,43.55,Precio > EMA50; EMA50 > EMA200; RSI 55-75; RVOL >= 1.2x,45.94,48.76,"La acción de Vopak (VPK.AS) ha sido incluida en la lista debido a su comportamiento favorable en términos de tendencia y momentum. La tesis cuantitativa se basa en la hipótesis de que, dado que el precio de la acción actualmente está por encima de la media móvil de 50 días (46,57€) y por debajo de la media móvil de 200 días (43,55€), y que el RSI está en un rango de 55-75, lo que indica una situación de mercado neutral a favorable, y que el volumen relativo de la acción está en un rango de 1,2x, lo que indica una alta actividad de mercado.",45.48,52.27,2.5,498.43,257.0,12186.94,47.63999938964844,50.0,0.5,56.29,2.72,0.72,46.7,43.68,Precio > EMA50; EMA50 > EMA200; RSI 55-75,46.14,48.76,4.53,9.72,0.46,TESIS_ESTABLE,2026-09-21 21:34,2026-09-21,"La tesis original se encuentra estable, ya que la cotización mantiene una ligera ganancia y respeta la estructura de medias móviles que motivó la entrada. Sin embargo, existe una divergencia importante en el volumen relativo, que ha caído drásticamente a 0.5x, evidenciando una pérdida de interés institucional a pesar de la mejora marginal en el momentum y el precio.",ACTIVA,,,,
2026-09-20 23:29,ENG.MC,Enagás,Utilities / Gas,🔥,18,16.8,55.0,4.52,54.22,-0.77,0.24,16.7,15.69,Precio > EMA50; EMA50 > EMA200; RVOL >= 1.5x; Cierre cerca de máximos,15.99,17.64,"La acción de Enagás (ENG.MC) ha sido incluida debido a que el precio actual (16.8€) se encuentra por encima del EMA50 (16.7€), indicando una tendencia a la baja, pero con un cierre cercano a un máximo, lo que sugiere que el precio podría volverse a acercarse a los máximos. Además, el ratio RVOL es mayor a 1.5x, lo que indica una alta rotación de la propiedad, y el RSI (54.22%) se encuentra en el rango de los valores compradores.   La tesis cuantitativa es que el precio de la acción de Enagás seguirá aumentando, pero con cautela, ya que el momentum y la tendencia no son muy fuertes.",15.83,19.22,2.5,499.5,515.0,8652.0,16.809999465942383,55.0,0.94,55.41,0.42,0.24,16.71,15.71,Precio > EMA50; EMA50 > EMA200; RSI 55-75; Cierre cerca de máximos,15.99,17.64,5.83,14.34,0.06,TESIS_ESTABLE,2026-09-21 21:34,2026-09-21,"La tesis original se encuentra en un estado estable con una ligera ganancia del 0,30%, manteniendo intacta la estructura de medias móviles y la cotización por encima del soporte clave. Sin embargo, se observa una divergencia importante en el volumen, ya que el RVOL ha caído drásticamente desde el impulso inicial de 4.52x hasta unos escasos 0.94x actuales, lo que refleja una pérdida notable de interés institucional en este avance. A pesar de que el precio y el RSI acompañan discretamente el movimiento, este debilitamiento volumétrico sugiere que la continuación alcista carece de la fuerza compradora que justificó la entrada inicial.",ACTIVA,,,,
2026-09-20 23:30,JPM,JPMorgan Chase & Co.,Servicios Financieros / Banca,🏛️,18,349.67,55.0,2.64,44.47,-0.53,6.76,349.26,326.11,Precio > EMA50; EMA50 > EMA200; RVOL >= 1.5x; Cierre cerca de máximos,343.07,366.5,"La acción de JPMorgan Chase & Co. ha sido incluida en nuestra lista debido a la alineación de indicadores que sugiere una tendencia a largo plazo hacia la dirección de la acción. Nuestra thesis cuantitativa es que la acción está en una fase de recuperación, después de una corrección, y que el precio se está acercando a un nuevo punto de resistencia más fuerte que el anterior.  La combinación de un precio superior al EMA50, un EMA50 mayor que el EMA200, un RVOL elevado y un cierre cerca de máximos, sugiere un fuerte flujo de capital hacia la acción, lo que potencia la tendencia. Además, el RSI indicador no muestra señales de agotamiento, lo que confirma la presencia de una tendencia dominante en la acción.   Esto nos lleva a la conclusión de que es una buena oportunidad para aprovechar esta tendencia, pero siempre es importante tener en cuenta el riesgo y ajustar nuestra estrategia según sea necesario.",337.84,379.25,2.5,496.86,42.0,14686.14,351.3399963378906,35.0,0.54,47.09,-0.07,6.62,349.34,326.17,Precio > EMA50; EMA50 > EMA200,343.07,366.5,3.84,7.94,0.48,TESIS_DEBILITADA,2026-09-21 21:34,2026-09-21,"La estrategia se encuentra en un estado debilitado porque, a pesar de mantener una ligera ganancia y respetar la estructura de medias móviles, el desplome drástico del volumen operativo y la caída de veinte puntos en el score reflejan una pérdida evidente del interés institucional que originalmente justificó la entrada. El precio se mantiene operando con tranquilidad lejos del stop loss y avanzando hacia el objetivo, pero la ausencia de flujo comprador deja la posición vulnerable ante cualquier giro del mercado.",ACTIVA,,,,
2026-09-20 23:30,RED.MC,Redeia,Utilities / Red Eléctrica,⚡,18,15.11,55.0,1.96,52.91,-0.46,0.19,15.06,14.89,Precio > EMA50; EMA50 > EMA200; RVOL >= 1.5x; Cierre cerca de máximos,14.61,15.94,"La acción de Redeia (RED.MC) ha sido incluida en la lista debido a su comportamiento de tendencia y momentum. La tesis cuantitativa es que, dado que el precio actual (15.11€) está por encima del EMA50 (15.06€) y este está por encima del EMA200 (14.89€), y considerando que el RVOL es 1.96x, lo que indica un movimiento volátil, y el cierre se ha producido cerca de máximos, es probable que la acción continúe su tendencia de subida. Esto se respalda por el R:R de 2.5, que sugiere un potencial ganancia significativo.",14.46,16.73,2.5,499.44,773.0,11680.03,15.239999771118164,50.0,0.83,56.56,0.2,0.19,15.07,14.88,Precio > EMA50; EMA50 > EMA200; RSI 55-75,14.61,15.94,5.12,9.78,0.86,TESIS_ESTABLE,2026-09-21 21:34,2026-09-21,"La tesis original se encuentra en un estado estable con un leve avance del precio hasta los 15.20€, manteniendo intacta la estructura alcista sobre las medias móviles y respetando holgadamente los niveles de riesgo. Sin embargo, destaca una divergencia importante en el volumen, ya que el RVOL se ha contraído drásticamente desde 1.96x hasta 0.83x, lo que refleja una pérdida de fuerza institucional en el movimiento actual a pesar de la mejora marginal en el RSI y el momentum.",ACTIVA,,,,
2026-09-20 23:31,SPY,SPDR S&P 500 ETF Trust,ETF / Renta Variable EE.UU.,📊,18,761.69,55.0,1.6,50.85,0.13,6.55,756.67,721.4,Precio > EMA50; EMA50 > EMA200; RVOL >= 1.5x; Cierre cerca de máximos,747.74,777.44,"La acción del SPDR S&P 500 ETF Trust (SPY) ha sido incluida en nuestra estrategia debido a una combinación de factores que sugieren una tendencia positiva. La tesis cuantitativa se basa en la observación de que el precio actual (761,69€) se encuentra por encima del EMA50 (756,67€), lo que indica una tendencia de subida. Además, el EMA50 está por encima del EMA200 (721,4€), lo que sugiere una tendencia a largo plazo de crecimiento. El R/VOL (1,6x) está por debajo del umbral crítico de 1,5x, lo que indica una condición de mercado favorable. Finalmente, el cierre se produce cerca de máximos, lo que confirma la tendencia de subida. Estos factores combinados sugieren que la acción del SPY tiene una alta probabilidad de continuar subiendo, lo que justifica la inclusión de esta oportunidad en nuestra estrategia.",740.26,815.26,2.5,492.83,23.0,17518.87,774.5,70.0,0.88,60.41,1.4,7.0,757.37,722.18,Precio > EMA50; EMA50 > EMA200; RSI 55-75; Cierre cerca de máximos; Ruptura máximo 20 sesiones,747.74,777.44,4.42,5.26,1.68,TESIS_REFORZADA,2026-09-21 21:34,2026-09-21,"La estrategia se encuentra reforzada, ya que el precio avanza un 1,68% consolidando la estructura alcista sobre las medias móviles y mejorando su score hasta 70 gracias a una ruptura de máximos de 20 sesiones. Aunque el volumen relativo ha disminuido a 0.88x, el impulso medido por el ROC20 y el RSI se mantiene sólido y perfectamente alineado con la tesis inicial. Nos encontramos a una distancia cómoda del stop loss y progresando adecuadamente hacia el objetivo de beneficios.",ACTIVA,,,,
2026-09-21 19:57,TWEKA.AS,TKH Group,Tecnología / Industrial,🔌,18,53.55,90.0,1.54,67.84,8.97,1.09,48.85,43.16,Precio > EMA50; EMA50 > EMA200; RSI 55-75; ROC20 > 5%; RVOL >= 1.5x; Ruptura máximo 20 sesiones,49.36,53.2,"La acción de TKH Group (TWEKA.AS) ha sido incluida en la lista debido a su posición favorable en el mercado, con un precio superior a la EMA50 y una EMA50 mayor que la EMA200, indicando una tendencia asentada hacia arriba. Además, el RSI se encuentra en el rango promedio de 55-75, lo que sugiere una condición de volatilidad moderada, y el RVOL está por encima de 1,5x, lo que indica una alta volatilidad. La ruptura de máximo durante 20 sesiones también respalda esta estrategia. La tesis cuantitativa es que, en este momento, la acción de TKH Group está en una posición fuerte para subir, lo que puede llevar a un aumento en el precio.",48.87,65.26,2.5,496.46,106.0,5676.3,53.59999847412109,90.0,1.54,67.84,8.97,1.09,48.85,43.16,Precio > EMA50; EMA50 > EMA200; RSI 55-75; ROC20 > 5%; RVOL >= 1.5x; Ruptura máximo 20 sesiones,49.36,53.2,8.82,21.75,0.09,TESIS_ESTABLE,2026-09-21 21:34,2026-09-21,"La tesis original se mantiene estable, ya que todos los indicadores cuantitativos, técnicos y de volumen permanecen exactamente en los mismos niveles sólidos que motivaron la entrada sin mostrar signos de fatiga. La estructura de media móvil y el momentum continúan intactos mientras el precio oscila cerca de la resistencia inicial, manteniendo una distancia prudente tanto del stop loss como del take profit. En consecuencia, la operación evoluciona de manera perfectamente alineada con el plan inicial, sin divergencias que requieran atención.",ACTIVA,,,,
2026-09-21 19:57,ATE.PA,Altamir,Inversión / Private Equity,💼,18,70.95,55.0,1.7,49.74,-6.46,2.59,69.56,64.82,Precio > EMA50; EMA50 > EMA200; RVOL >= 1.5x; Cierre cerca de máximos,65.85,80.4,"La acción de Altamir ha sido incluida en la lista debido a su tendencia consolidada, ya que el precio actual se encuentra por encima de la línea media móvil de 50 días (EMA50), y al mismo tiempo esta línea media es mayor que la del 200 días (EMA200), lo que sugiere una tendencia a largo plazo hacia arriba. Además, el ratio de volatilidad (RVOL) es razonable, con un valor de 1.7x, lo que indica una cierta estabilidad en el mercado. Finalmente, el precio se acerca a máximos en el cierre, lo que puede indicar una posible continuación de la tendencia.   La tesis cuantitativa es la siguiente: en el corto plazo, se espera que la acción de Altamir continúe con una tendencia a la baja, pero en el largo plazo, se espera una tendencia a la alta.",65.19,85.35,2.5,495.23,86.0,6101.7,70.4000015258789,55.0,1.7,49.74,-6.46,2.59,69.56,64.82,Precio > EMA50; EMA50 > EMA200; RVOL >= 1.5x; Cierre cerca de máximos,65.85,80.4,7.4,21.24,-0.78,TESIS_ESTABLE,2026-09-21 21:34,2026-09-21,"La tesis original de Altamir se mantiene estable, ya que tanto el precio como los indicadores técnicos principales permanecen exactamente en los mismos niveles desde la ejecución, preservando intacta la alineación alcista sobre las medias móviles. Aunque el RSI continúa neutral y el momentum a corto plazo sigue reflejando cierta presión bajista, la estructura general no muestra signos de deterioro ni divergencias importantes. Con el precio cotizando sin cambios y respetando holgura respecto a la zona de soporte y al Stop Loss, la estrategia transita en una fase de pura consolidación dentro de su tendencia de largo plazo.",ACTIVA,,,,
